--------------------------------------------------------
--  File created - Friday-November-23-2018   
--------------------------------------------------------
--------------------------------------------------------
--  DDL for Sequence HIBERNATE_SEQUENCE
--------------------------------------------------------

   CREATE SEQUENCE  "PRAVEEN"."HIBERNATE_SEQUENCE"  MINVALUE 1 MAXVALUE 9999999999999999999999999999 INCREMENT BY 1 START WITH 1 CACHE 20 NOORDER  NOCYCLE ;
--------------------------------------------------------
--  DDL for Table COMPANY
--------------------------------------------------------

  CREATE TABLE "PRAVEEN"."COMPANY" 
   (	"COMPANY_ID" VARCHAR2(255 CHAR), 
	"COMPANY_NAME" VARCHAR2(255 CHAR)
   ) SEGMENT CREATION IMMEDIATE 
  PCTFREE 10 PCTUSED 40 INITRANS 1 MAXTRANS 255 NOCOMPRESS LOGGING
  STORAGE(INITIAL 65536 NEXT 1048576 MINEXTENTS 1 MAXEXTENTS 2147483645
  PCTINCREASE 0 FREELISTS 1 FREELIST GROUPS 1 BUFFER_POOL DEFAULT FLASH_CACHE DEFAULT CELL_FLASH_CACHE DEFAULT)
  TABLESPACE "SYSTEM" ;
--------------------------------------------------------
--  DDL for Table HINT
--------------------------------------------------------

  CREATE TABLE "PRAVEEN"."HINT" 
   (	"HINT_ID" NUMBER(10,0), 
	"HINT_DES" VARCHAR2(255 CHAR)
   ) SEGMENT CREATION IMMEDIATE 
  PCTFREE 10 PCTUSED 40 INITRANS 1 MAXTRANS 255 NOCOMPRESS LOGGING
  STORAGE(INITIAL 65536 NEXT 1048576 MINEXTENTS 1 MAXEXTENTS 2147483645
  PCTINCREASE 0 FREELISTS 1 FREELIST GROUPS 1 BUFFER_POOL DEFAULT FLASH_CACHE DEFAULT CELL_FLASH_CACHE DEFAULT)
  TABLESPACE "SYSTEM" ;
--------------------------------------------------------
--  DDL for Table MAINUSER
--------------------------------------------------------

  CREATE TABLE "PRAVEEN"."MAINUSER" 
   (	"USER_ID" VARCHAR2(255 CHAR), 
	"ADDRESS" VARCHAR2(255 CHAR), 
	"CONTACT_NO" VARCHAR2(255 CHAR), 
	"DOB" DATE, 
	"EMAIL_ID" VARCHAR2(255 CHAR), 
	"EMPLOYER" VARCHAR2(255 CHAR), 
	"EMPLOYER_TYPE" VARCHAR2(255 CHAR), 
	"FIRST_NAME" VARCHAR2(255 CHAR), 
	"GENDER" VARCHAR2(255 CHAR), 
	"HINTANS" VARCHAR2(255 CHAR), 
	"LAST_NAME" VARCHAR2(255 CHAR), 
	"PAN_NO" VARCHAR2(255 CHAR), 
	"PASSCODE" VARCHAR2(255 CHAR), 
	"QUALIFICATION" VARCHAR2(255 CHAR), 
	"SALARY" FLOAT(126), 
	"HINT_HINT_ID" NUMBER(10,0)
   ) SEGMENT CREATION IMMEDIATE 
  PCTFREE 10 PCTUSED 40 INITRANS 1 MAXTRANS 255 NOCOMPRESS LOGGING
  STORAGE(INITIAL 65536 NEXT 1048576 MINEXTENTS 1 MAXEXTENTS 2147483645
  PCTINCREASE 0 FREELISTS 1 FREELIST GROUPS 1 BUFFER_POOL DEFAULT FLASH_CACHE DEFAULT CELL_FLASH_CACHE DEFAULT)
  TABLESPACE "SYSTEM" ;
--------------------------------------------------------
--  DDL for Table PAYMENT
--------------------------------------------------------

  CREATE TABLE "PRAVEEN"."PAYMENT" 
   (	"ID" NUMBER(10,0), 
	"BILL_DATE" DATE, 
	"BILL_ID" VARCHAR2(255 CHAR), 
	"DUE_DATE" DATE, 
	"FINE" FLOAT(126), 
	"PAID_AMT" FLOAT(126), 
	"USER_USER_ID" VARCHAR2(255 CHAR)
   ) SEGMENT CREATION IMMEDIATE 
  PCTFREE 10 PCTUSED 40 INITRANS 1 MAXTRANS 255 NOCOMPRESS LOGGING
  STORAGE(INITIAL 65536 NEXT 1048576 MINEXTENTS 1 MAXEXTENTS 2147483645
  PCTINCREASE 0 FREELISTS 1 FREELIST GROUPS 1 BUFFER_POOL DEFAULT FLASH_CACHE DEFAULT CELL_FLASH_CACHE DEFAULT)
  TABLESPACE "SYSTEM" ;
--------------------------------------------------------
--  DDL for Table POLICY_TABLE
--------------------------------------------------------

  CREATE TABLE "PRAVEEN"."POLICY_TABLE" 
   (	"POLICY_ID" VARCHAR2(255 CHAR), 
	"DURATION" NUMBER(10,0), 
	"INTEREST" FLOAT(126), 
	"INITIAL_DEPOSIT" FLOAT(126), 
	"MATURITY_AMOUNT" FLOAT(126), 
	"POLICY_NAME" VARCHAR2(255 CHAR), 
	"POLICY_TYPE" VARCHAR2(255 CHAR), 
	"START_DATE" DATE, 
	"TERM_AMOUNT" NUMBER(10,0), 
	"TERMS_PER_YEAR" NUMBER(10,0), 
	"COMPANY_COMPANY_ID" VARCHAR2(255 CHAR), 
	"TYPE_TYPEID" NUMBER(10,0)
   ) SEGMENT CREATION IMMEDIATE 
  PCTFREE 10 PCTUSED 40 INITRANS 1 MAXTRANS 255 NOCOMPRESS LOGGING
  STORAGE(INITIAL 65536 NEXT 1048576 MINEXTENTS 1 MAXEXTENTS 2147483645
  PCTINCREASE 0 FREELISTS 1 FREELIST GROUPS 1 BUFFER_POOL DEFAULT FLASH_CACHE DEFAULT CELL_FLASH_CACHE DEFAULT)
  TABLESPACE "SYSTEM" ;
--------------------------------------------------------
--  DDL for Table USERTYPE
--------------------------------------------------------

  CREATE TABLE "PRAVEEN"."USERTYPE" 
   (	"TYPEID" NUMBER(10,0), 
	"TYPE_VARIABLE" VARCHAR2(255 CHAR)
   ) SEGMENT CREATION IMMEDIATE 
  PCTFREE 10 PCTUSED 40 INITRANS 1 MAXTRANS 255 NOCOMPRESS LOGGING
  STORAGE(INITIAL 65536 NEXT 1048576 MINEXTENTS 1 MAXEXTENTS 2147483645
  PCTINCREASE 0 FREELISTS 1 FREELIST GROUPS 1 BUFFER_POOL DEFAULT FLASH_CACHE DEFAULT CELL_FLASH_CACHE DEFAULT)
  TABLESPACE "SYSTEM" ;
--------------------------------------------------------
--  DDL for Table USER_ENROLLED_POLICY
--------------------------------------------------------

  CREATE TABLE "PRAVEEN"."USER_ENROLLED_POLICY" 
   (	"ID" NUMBER(10,0), 
	"ENROLLED_DATE" DATE, 
	"POLICY_POLICY_ID" VARCHAR2(255 CHAR), 
	"USER_USER_ID" VARCHAR2(255 CHAR)
   ) SEGMENT CREATION IMMEDIATE 
  PCTFREE 10 PCTUSED 40 INITRANS 1 MAXTRANS 255 NOCOMPRESS LOGGING
  STORAGE(INITIAL 65536 NEXT 1048576 MINEXTENTS 1 MAXEXTENTS 2147483645
  PCTINCREASE 0 FREELISTS 1 FREELIST GROUPS 1 BUFFER_POOL DEFAULT FLASH_CACHE DEFAULT CELL_FLASH_CACHE DEFAULT)
  TABLESPACE "SYSTEM" ;
REM INSERTING into PRAVEEN.COMPANY
SET DEFINE OFF;
Insert into PRAVEEN.COMPANY (COMPANY_ID,COMPANY_NAME) values ('HAR','Harward');
Insert into PRAVEEN.COMPANY (COMPANY_ID,COMPANY_NAME) values ('LIC','Life Insurance of India');
Insert into PRAVEEN.COMPANY (COMPANY_ID,COMPANY_NAME) values ('SBI','State Bank of India');
Insert into PRAVEEN.COMPANY (COMPANY_ID,COMPANY_NAME) values ('VOY','VOYA');
REM INSERTING into PRAVEEN.HINT
SET DEFINE OFF;
Insert into PRAVEEN.HINT (HINT_ID,HINT_DES) values (1,'What is your Fathers Name?');
Insert into PRAVEEN.HINT (HINT_ID,HINT_DES) values (2,'What is your Pets Name?');
Insert into PRAVEEN.HINT (HINT_ID,HINT_DES) values (3,'What is your Mothers Name?');
Insert into PRAVEEN.HINT (HINT_ID,HINT_DES) values (4,'Who is your favourite actor Name?');
Insert into PRAVEEN.HINT (HINT_ID,HINT_DES) values (5,'What is your school name?');
REM INSERTING into PRAVEEN.MAINUSER
SET DEFINE OFF;
Insert into PRAVEEN.MAINUSER (USER_ID,ADDRESS,CONTACT_NO,DOB,EMAIL_ID,EMPLOYER,EMPLOYER_TYPE,FIRST_NAME,GENDER,HINTANS,LAST_NAME,PAN_NO,PASSCODE,QUALIFICATION,SALARY,HINT_HINT_ID) values ('A-001','Velachary-Chennai','9834526748',to_date('24-DEC-92','DD-MON-RR'),'praveen.dhanasekhar2gmail.com','Cognizant','Private','Praveen','Male','tim','Dhasekhar','BDIPD6273D','qwe','Btech',25000,1);
Insert into PRAVEEN.MAINUSER (USER_ID,ADDRESS,CONTACT_NO,DOB,EMAIL_ID,EMPLOYER,EMPLOYER_TYPE,FIRST_NAME,GENDER,HINTANS,LAST_NAME,PAN_NO,PASSCODE,QUALIFICATION,SALARY,HINT_HINT_ID) values ('A-02','Hyderabad','9959990639',to_date('11-JUN-96','DD-MON-RR'),'keerthana1@gmail.com','Cts','Private','Sai Keerthana','Female','sandy','Sasi','KJLSS8768J','21nov526','CSE',345346,2);
Insert into PRAVEEN.MAINUSER (USER_ID,ADDRESS,CONTACT_NO,DOB,EMAIL_ID,EMPLOYER,EMPLOYER_TYPE,FIRST_NAME,GENDER,HINTANS,LAST_NAME,PAN_NO,PASSCODE,QUALIFICATION,SALARY,HINT_HINT_ID) values ('admin','Velachary-Chennai','9834526748',to_date('24-DEC-92','DD-MON-RR'),'pravee','Private','Cognizant','Praveen','Male','Dhasekhar','d','B','admin','Btech',25000,1);
Insert into PRAVEEN.MAINUSER (USER_ID,ADDRESS,CONTACT_NO,DOB,EMAIL_ID,EMPLOYER,EMPLOYER_TYPE,FIRST_NAME,GENDER,HINTANS,LAST_NAME,PAN_NO,PASSCODE,QUALIFICATION,SALARY,HINT_HINT_ID) values ('B-001','Adayar-Chennai','9834599291',to_date('02-OCT-92','DD-MON-RR'),'gowtham.purushoth@gmail.com','Insurance','Govt','Gowtham','Male','jim','Purushoth','ADFGT56430','Bonjo','Btech',70000,2);
Insert into PRAVEEN.MAINUSER (USER_ID,ADDRESS,CONTACT_NO,DOB,EMAIL_ID,EMPLOYER,EMPLOYER_TYPE,FIRST_NAME,GENDER,HINTANS,LAST_NAME,PAN_NO,PASSCODE,QUALIFICATION,SALARY,HINT_HINT_ID) values ('B-02','Subash chandra bose Street','9941435080',to_date('07-OCT-96','DD-MON-RR'),'gowtham.puru@gmail.com','Cts','Private','Gowtham','Male','Nancy','John','HGFGJ2315O','16nov100','IT',987987,2);
Insert into PRAVEEN.MAINUSER (USER_ID,ADDRESS,CONTACT_NO,DOB,EMAIL_ID,EMPLOYER,EMPLOYER_TYPE,FIRST_NAME,GENDER,HINTANS,LAST_NAME,PAN_NO,PASSCODE,QUALIFICATION,SALARY,HINT_HINT_ID) values ('B-03','qwertggy','7455558',to_date('15-FEB-95','DD-MON-RR'),'praveen@gmail.com','CTS','Private','Demo','Male','qwe','Demo2','QWEDD4578F','21nov448','BE',765256,4);
Insert into PRAVEEN.MAINUSER (USER_ID,ADDRESS,CONTACT_NO,DOB,EMAIL_ID,EMPLOYER,EMPLOYER_TYPE,FIRST_NAME,GENDER,HINTANS,LAST_NAME,PAN_NO,PASSCODE,QUALIFICATION,SALARY,HINT_HINT_ID) values ('C-001','Kota-Rajashtan','8672378819',to_date('12-AUG-85','DD-MON-RR'),'priya.singham@gmail.com','NULL','Self-Employeed','Priya','Female','carrey','Singh','FDSPS2357S','Boggy','MS',125000,3);
Insert into PRAVEEN.MAINUSER (USER_ID,ADDRESS,CONTACT_NO,DOB,EMAIL_ID,EMPLOYER,EMPLOYER_TYPE,FIRST_NAME,GENDER,HINTANS,LAST_NAME,PAN_NO,PASSCODE,QUALIFICATION,SALARY,HINT_HINT_ID) values ('C-002','Subash chandra bose Street','6546546546',to_date('04-NOV-18','DD-MON-RR'),'gom.we@gmail.com','VIP','Private','hery','Female','jenny','John','UGFJHGKJ8676gh','12nov285','eee',1111121,2);
Insert into PRAVEEN.MAINUSER (USER_ID,ADDRESS,CONTACT_NO,DOB,EMAIL_ID,EMPLOYER,EMPLOYER_TYPE,FIRST_NAME,GENDER,HINTANS,LAST_NAME,PAN_NO,PASSCODE,QUALIFICATION,SALARY,HINT_HINT_ID) values ('C-03','Gandhi Nagar','9445198956',to_date('07-AUG-97','DD-MON-RR'),'praveen.vasu@gmail.com','Cts','Private','Vasu','Male','Velammal','Praveen','PNBVP6757A','19nov165','EEE',1200000,5);
Insert into PRAVEEN.MAINUSER (USER_ID,ADDRESS,CONTACT_NO,DOB,EMAIL_ID,EMPLOYER,EMPLOYER_TYPE,FIRST_NAME,GENDER,HINTANS,LAST_NAME,PAN_NO,PASSCODE,QUALIFICATION,SALARY,HINT_HINT_ID) values ('C-04','Hyderabad','9866776396',to_date('12-APR-97','DD-MON-RR'),'keerthana@gmail','Cts','Private','Sai Keerthana','Female','Bonjo','Goli','ASYSG1234A','21nov471','CSE',1243561,2);
Insert into PRAVEEN.MAINUSER (USER_ID,ADDRESS,CONTACT_NO,DOB,EMAIL_ID,EMPLOYER,EMPLOYER_TYPE,FIRST_NAME,GENDER,HINTANS,LAST_NAME,PAN_NO,PASSCODE,QUALIFICATION,SALARY,HINT_HINT_ID) values ('D-001','Jamshedpur-Rajasthan','8672378757',to_date('19-DEC-95','DD-MON-RR'),'shanshank.pathak@gmail.com','Cognizant','Private','Shashank','Male','vaugh','Pathak','FDSPS5673S','Shalini','MBA',300000,4);
Insert into PRAVEEN.MAINUSER (USER_ID,ADDRESS,CONTACT_NO,DOB,EMAIL_ID,EMPLOYER,EMPLOYER_TYPE,FIRST_NAME,GENDER,HINTANS,LAST_NAME,PAN_NO,PASSCODE,QUALIFICATION,SALARY,HINT_HINT_ID) values ('E-01','T.V.K Nagar','8122270409',to_date('17-JUN-96','DD-MON-RR'),'venkat.sasi1@gmail.com','TVS','Private','Venky','Male','Vijay','Sasi','nBCVS1235J','21nov939','ECE',2000007,4);
Insert into PRAVEEN.MAINUSER (USER_ID,ADDRESS,CONTACT_NO,DOB,EMAIL_ID,EMPLOYER,EMPLOYER_TYPE,FIRST_NAME,GENDER,HINTANS,LAST_NAME,PAN_NO,PASSCODE,QUALIFICATION,SALARY,HINT_HINT_ID) values ('F-002','Velachary-Chennai','9834526748',to_date('24-DEC-92','DD-MON-RR'),'praveen.dhanasekhar2gmail.com','Cognizant','Private','Praveen','Male','tim','Dhasekhar','BDIP6273D','Dhasekhar','Btech',25000,1);
Insert into PRAVEEN.MAINUSER (USER_ID,ADDRESS,CONTACT_NO,DOB,EMAIL_ID,EMPLOYER,EMPLOYER_TYPE,FIRST_NAME,GENDER,HINTANS,LAST_NAME,PAN_NO,PASSCODE,QUALIFICATION,SALARY,HINT_HINT_ID) values ('F-003','Subash chandra bose','9874546545',to_date('05-NOV-18','DD-MON-RR'),'gowtham','CTS','Private','hery','Male','Nancy','John','ADSf545e','12nov624','eee',345341234,2);
Insert into PRAVEEN.MAINUSER (USER_ID,ADDRESS,CONTACT_NO,DOB,EMAIL_ID,EMPLOYER,EMPLOYER_TYPE,FIRST_NAME,GENDER,HINTANS,LAST_NAME,PAN_NO,PASSCODE,QUALIFICATION,SALARY,HINT_HINT_ID) values ('F-04','Subash chandra bose Street','9876543210',to_date('01-NOV-97','DD-MON-RR'),'Jammy.Pachai@gmail.com','Cts','Private','Jammy','Female','Nancy','Pachai','YTFJP1234J','14nov710','IT',1234124,2);
Insert into PRAVEEN.MAINUSER (USER_ID,ADDRESS,CONTACT_NO,DOB,EMAIL_ID,EMPLOYER,EMPLOYER_TYPE,FIRST_NAME,GENDER,HINTANS,LAST_NAME,PAN_NO,PASSCODE,QUALIFICATION,SALARY,HINT_HINT_ID) values ('F-05','Subash chandra bose','9840868019',to_date('07-OCT-96','DD-MON-RR'),'gowtham.sai@gmail.com','CTS','Private','Gowtham','Male','Purushoth','Sasikala','ASDHG2135H','15nov220','Ece',1326545,2);
Insert into PRAVEEN.MAINUSER (USER_ID,ADDRESS,CONTACT_NO,DOB,EMAIL_ID,EMPLOYER,EMPLOYER_TYPE,FIRST_NAME,GENDER,HINTANS,LAST_NAME,PAN_NO,PASSCODE,QUALIFICATION,SALARY,HINT_HINT_ID) values ('F-06','Ghandhi Nagar','9941435080',to_date('09-NOV-93','DD-MON-RR'),'Venkat.sasi@gmail.com','TVS','Private','Venky','Male','Velammal','Sasi','ASHVS1237N','19nov258','Mech',3456346,5);
Insert into PRAVEEN.MAINUSER (USER_ID,ADDRESS,CONTACT_NO,DOB,EMAIL_ID,EMPLOYER,EMPLOYER_TYPE,FIRST_NAME,GENDER,HINTANS,LAST_NAME,PAN_NO,PASSCODE,QUALIFICATION,SALARY,HINT_HINT_ID) values ('F-07','Hyderabad','9959990639',to_date('12-APR-97','DD-MON-RR'),'keerthanagoli@gmail','Cts','Private','Sai Keerthana','Female','Suresh','Goli','GHYSG1234A','21nov738','eee',3456346,1);
Insert into PRAVEEN.MAINUSER (USER_ID,ADDRESS,CONTACT_NO,DOB,EMAIL_ID,EMPLOYER,EMPLOYER_TYPE,FIRST_NAME,GENDER,HINTANS,LAST_NAME,PAN_NO,PASSCODE,QUALIFICATION,SALARY,HINT_HINT_ID) values ('F-08','sg','9876543210a',to_date('03-FEB-97','DD-MON-RR'),'isdhios','CTS','Private','wer','Female','FRWT','aer','ASJWA1232F','21nov390','vded',12235656,4);
Insert into PRAVEEN.MAINUSER (USER_ID,ADDRESS,CONTACT_NO,DOB,EMAIL_ID,EMPLOYER,EMPLOYER_TYPE,FIRST_NAME,GENDER,HINTANS,LAST_NAME,PAN_NO,PASSCODE,QUALIFICATION,SALARY,HINT_HINT_ID) values ('F-09','Chennai','9866776396',to_date('12-MAR-96','DD-MON-RR'),'indu@gmail','Cts','Private','Indu','Female','ram','Ram','ASVIR1233M','21nov244','CSE',672783694,1);
Insert into PRAVEEN.MAINUSER (USER_ID,ADDRESS,CONTACT_NO,DOB,EMAIL_ID,EMPLOYER,EMPLOYER_TYPE,FIRST_NAME,GENDER,HINTANS,LAST_NAME,PAN_NO,PASSCODE,QUALIFICATION,SALARY,HINT_HINT_ID) values ('F-10','Subash chandra bose','9876543210',to_date('07-OCT-96','DD-MON-RR'),'gow','Cts','Private','Gowtham','Male','BLUE','John','ASDGJ1234O','21nov325','CSE',1243523782,4);
Insert into PRAVEEN.MAINUSER (USER_ID,ADDRESS,CONTACT_NO,DOB,EMAIL_ID,EMPLOYER,EMPLOYER_TYPE,FIRST_NAME,GENDER,HINTANS,LAST_NAME,PAN_NO,PASSCODE,QUALIFICATION,SALARY,HINT_HINT_ID) values ('F-11','Hyderabad','9959990639',to_date('19-JUN-97','DD-MON-RR'),'keerthana.golis@gmail','Cts','Private','Sai Keerthana','Female','Amma','Golis','GHKSG7653J','21nov605','Ece',12341241,3);
REM INSERTING into PRAVEEN.PAYMENT
SET DEFINE OFF;
Insert into PRAVEEN.PAYMENT (ID,BILL_DATE,BILL_ID,DUE_DATE,FINE,PAID_AMT,USER_USER_ID) values (1,to_date('19-NOV-18','DD-MON-RR'),'HAR-VL-0001-ON-002',to_date('19-MAY-20','DD-MON-RR'),0,500,'A-001');
Insert into PRAVEEN.PAYMENT (ID,BILL_DATE,BILL_ID,DUE_DATE,FINE,PAID_AMT,USER_USER_ID) values (2,to_date('19-NOV-18','DD-MON-RR'),'HAR-VL-0001-ON-003',to_date('19-AUG-20','DD-MON-RR'),0,500,'A-001');
Insert into PRAVEEN.PAYMENT (ID,BILL_DATE,BILL_ID,DUE_DATE,FINE,PAID_AMT,USER_USER_ID) values (3,to_date('19-NOV-18','DD-MON-RR'),'HAR-VL-0002-ON-004',to_date('19-JAN-19','DD-MON-RR'),0,2200,'A-001');
Insert into PRAVEEN.PAYMENT (ID,BILL_DATE,BILL_ID,DUE_DATE,FINE,PAID_AMT,USER_USER_ID) values (4,to_date('21-NOV-18','DD-MON-RR'),'HAR-VL-0002-ON-007',to_date('19-MAR-19','DD-MON-RR'),0,200,'A-001');
Insert into PRAVEEN.PAYMENT (ID,BILL_DATE,BILL_ID,DUE_DATE,FINE,PAID_AMT,USER_USER_ID) values (5,to_date('21-NOV-18','DD-MON-RR'),'HAR-VL-002-ON-008',to_date('21-FEB-19','DD-MON-RR'),0,9990,'F-11');
Insert into PRAVEEN.PAYMENT (ID,BILL_DATE,BILL_ID,DUE_DATE,FINE,PAID_AMT,USER_USER_ID) values (6,to_date('21-NOV-18','DD-MON-RR'),'HAR-VL-003-ON-009',to_date('21-JAN-19','DD-MON-RR'),0,4000,'B-03');
Insert into PRAVEEN.PAYMENT (ID,BILL_DATE,BILL_ID,DUE_DATE,FINE,PAID_AMT,USER_USER_ID) values (7,to_date('19-NOV-18','DD-MON-RR'),'LIC-HL-0001-ON-005',to_date('19-FEB-19','DD-MON-RR'),0,1300,'A-001');
Insert into PRAVEEN.PAYMENT (ID,BILL_DATE,BILL_ID,DUE_DATE,FINE,PAID_AMT,USER_USER_ID) values (8,to_date('19-NOV-18','DD-MON-RR'),'LIC-HL-0002-ON-006',to_date('19-MAR-19','DD-MON-RR'),0,5400,'A-001');
Insert into PRAVEEN.PAYMENT (ID,BILL_DATE,BILL_ID,DUE_DATE,FINE,PAID_AMT,USER_USER_ID) values (9,to_date('21-NOV-18','DD-MON-RR'),'VOY-CP-0003-ON-010',to_date('21-JAN-19','DD-MON-RR'),0,2200,'B-03');
REM INSERTING into PRAVEEN.POLICY_TABLE
SET DEFINE OFF;
Insert into PRAVEEN.POLICY_TABLE (POLICY_ID,DURATION,INTEREST,INITIAL_DEPOSIT,MATURITY_AMOUNT,POLICY_NAME,POLICY_TYPE,START_DATE,TERM_AMOUNT,TERMS_PER_YEAR,COMPANY_COMPANY_ID,TYPE_TYPEID) values ('HAR-VL-0001',6,12,3000,7851,'HardwardVehicle','Vehicle',to_date('10-JAN-18','DD-MON-RR'),500,3,'HAR',11);
Insert into PRAVEEN.POLICY_TABLE (POLICY_ID,DURATION,INTEREST,INITIAL_DEPOSIT,MATURITY_AMOUNT,POLICY_NAME,POLICY_TYPE,START_DATE,TERM_AMOUNT,TERMS_PER_YEAR,COMPANY_COMPANY_ID,TYPE_TYPEID) values ('HAR-VL-0002',2,5,2000,62788,'Hardward','Vehicle',to_date('10-JAN-18','DD-MON-RR'),200,2,'LIC',12);
Insert into PRAVEEN.POLICY_TABLE (POLICY_ID,DURATION,INTEREST,INITIAL_DEPOSIT,MATURITY_AMOUNT,POLICY_NAME,POLICY_TYPE,START_DATE,TERM_AMOUNT,TERMS_PER_YEAR,COMPANY_COMPANY_ID,TYPE_TYPEID) values ('HAR-VL-002',6,12,3000,11064,'Hardward','Health',to_date('22-NOV-18','DD-MON-RR'),400,3,'HAR',11);
Insert into PRAVEEN.POLICY_TABLE (POLICY_ID,DURATION,INTEREST,INITIAL_DEPOSIT,MATURITY_AMOUNT,POLICY_NAME,POLICY_TYPE,START_DATE,TERM_AMOUNT,TERMS_PER_YEAR,COMPANY_COMPANY_ID,TYPE_TYPEID) values ('HAR-VL-003',3,4,2000,0,'ICICI','Vehicle',to_date('14-NOV-18','DD-MON-RR'),2000,2,'LIC',13);
Insert into PRAVEEN.POLICY_TABLE (POLICY_ID,DURATION,INTEREST,INITIAL_DEPOSIT,MATURITY_AMOUNT,POLICY_NAME,POLICY_TYPE,START_DATE,TERM_AMOUNT,TERMS_PER_YEAR,COMPANY_COMPANY_ID,TYPE_TYPEID) values ('HAR-VL-2',6,45,3000,29073.9,'HardwardVehicle','Vehicle',to_date('19-NOV-18','DD-MON-RR'),999,3,'HAR',11);
Insert into PRAVEEN.POLICY_TABLE (POLICY_ID,DURATION,INTEREST,INITIAL_DEPOSIT,MATURITY_AMOUNT,POLICY_NAME,POLICY_TYPE,START_DATE,TERM_AMOUNT,TERMS_PER_YEAR,COMPANY_COMPANY_ID,TYPE_TYPEID) values ('HAR-VL-3',3,0,2000,3200,'Hardward','Health',to_date('16-NOV-18','DD-MON-RR'),200,2,'HAR',12);
Insert into PRAVEEN.POLICY_TABLE (POLICY_ID,DURATION,INTEREST,INITIAL_DEPOSIT,MATURITY_AMOUNT,POLICY_NAME,POLICY_TYPE,START_DATE,TERM_AMOUNT,TERMS_PER_YEAR,COMPANY_COMPANY_ID,TYPE_TYPEID) values ('LIC-HL-0001',4,9,1000,589,'LIC Health','Health',to_date('07-MAR-17','DD-MON-RR'),300,3,'LIC',12);
Insert into PRAVEEN.POLICY_TABLE (POLICY_ID,DURATION,INTEREST,INITIAL_DEPOSIT,MATURITY_AMOUNT,POLICY_NAME,POLICY_TYPE,START_DATE,TERM_AMOUNT,TERMS_PER_YEAR,COMPANY_COMPANY_ID,TYPE_TYPEID) values ('LIC-HL-0002',5,2,5000,2575,'SBI health','Health',to_date('12-NOV-18','DD-MON-RR'),400,4,'LIC',13);
Insert into PRAVEEN.POLICY_TABLE (POLICY_ID,DURATION,INTEREST,INITIAL_DEPOSIT,MATURITY_AMOUNT,POLICY_NAME,POLICY_TYPE,START_DATE,TERM_AMOUNT,TERMS_PER_YEAR,COMPANY_COMPANY_ID,TYPE_TYPEID) values ('LIC-HL-2',2,8,1000,2296,'LIC Health','Health',to_date('16-NOV-18','DD-MON-RR'),200,3,'LIC',14);
Insert into PRAVEEN.POLICY_TABLE (POLICY_ID,DURATION,INTEREST,INITIAL_DEPOSIT,MATURITY_AMOUNT,POLICY_NAME,POLICY_TYPE,START_DATE,TERM_AMOUNT,TERMS_PER_YEAR,COMPANY_COMPANY_ID,TYPE_TYPEID) values ('SBI-RT-0001',7,13,2000,9874,'SBIRetirement','Retirement',to_date('08-MAY-19','DD-MON-RR'),500,4,'SBI',13);
Insert into PRAVEEN.POLICY_TABLE (POLICY_ID,DURATION,INTEREST,INITIAL_DEPOSIT,MATURITY_AMOUNT,POLICY_NAME,POLICY_TYPE,START_DATE,TERM_AMOUNT,TERMS_PER_YEAR,COMPANY_COMPANY_ID,TYPE_TYPEID) values ('VOY-CP-0001',5,8,1000,6858,'VOYChildPlan','Child',to_date('05-JUL-15','DD-MON-RR'),100,5,'VOY',14);
Insert into PRAVEEN.POLICY_TABLE (POLICY_ID,DURATION,INTEREST,INITIAL_DEPOSIT,MATURITY_AMOUNT,POLICY_NAME,POLICY_TYPE,START_DATE,TERM_AMOUNT,TERMS_PER_YEAR,COMPANY_COMPANY_ID,TYPE_TYPEID) values ('VOY-CP-0002',2,2,2900,5765,'Voyo health','Child',to_date('12-NOV-18','DD-MON-RR'),400,4,'VOY',13);
Insert into PRAVEEN.POLICY_TABLE (POLICY_ID,DURATION,INTEREST,INITIAL_DEPOSIT,MATURITY_AMOUNT,POLICY_NAME,POLICY_TYPE,START_DATE,TERM_AMOUNT,TERMS_PER_YEAR,COMPANY_COMPANY_ID,TYPE_TYPEID) values ('VOY-CP-0003',4,6,2000,554,'ICICI','Child',to_date('12-NOV-18','DD-MON-RR'),200,2,'VOY',14);
Insert into PRAVEEN.POLICY_TABLE (POLICY_ID,DURATION,INTEREST,INITIAL_DEPOSIT,MATURITY_AMOUNT,POLICY_NAME,POLICY_TYPE,START_DATE,TERM_AMOUNT,TERMS_PER_YEAR,COMPANY_COMPANY_ID,TYPE_TYPEID) values ('VOY-CP-004',4,5,10000,15040,'Demo1','Child',to_date('21-NOV-18','DD-MON-RR'),400,3,'LIC',12);
Insert into PRAVEEN.POLICY_TABLE (POLICY_ID,DURATION,INTEREST,INITIAL_DEPOSIT,MATURITY_AMOUNT,POLICY_NAME,POLICY_TYPE,START_DATE,TERM_AMOUNT,TERMS_PER_YEAR,COMPANY_COMPANY_ID,TYPE_TYPEID) values ('VOY-CP-010',2,3,2500,3736,'Hardward','Vehicle',to_date('21-NOV-18','DD-MON-RR'),300,2,'SBI',14);
Insert into PRAVEEN.POLICY_TABLE (POLICY_ID,DURATION,INTEREST,INITIAL_DEPOSIT,MATURITY_AMOUNT,POLICY_NAME,POLICY_TYPE,START_DATE,TERM_AMOUNT,TERMS_PER_YEAR,COMPANY_COMPANY_ID,TYPE_TYPEID) values ('VOY-CP-10',3,0,2000,2000,'VOYA Vehicle','Vehicle',to_date('16-NOV-18','DD-MON-RR'),200,0,'VOY',14);
Insert into PRAVEEN.POLICY_TABLE (POLICY_ID,DURATION,INTEREST,INITIAL_DEPOSIT,MATURITY_AMOUNT,POLICY_NAME,POLICY_TYPE,START_DATE,TERM_AMOUNT,TERMS_PER_YEAR,COMPANY_COMPANY_ID,TYPE_TYPEID) values ('VOY-CP-11',3,0,2500,4300,'SBI vehicle','Vehicle',to_date('16-NOV-18','DD-MON-RR'),300,2,'VOY',15);
Insert into PRAVEEN.POLICY_TABLE (POLICY_ID,DURATION,INTEREST,INITIAL_DEPOSIT,MATURITY_AMOUNT,POLICY_NAME,POLICY_TYPE,START_DATE,TERM_AMOUNT,TERMS_PER_YEAR,COMPANY_COMPANY_ID,TYPE_TYPEID) values ('VOY-CP-12',3,0,2500,4300,'SBI vehicle','Vehicle',to_date('16-NOV-18','DD-MON-RR'),300,2,'VOY',13);
Insert into PRAVEEN.POLICY_TABLE (POLICY_ID,DURATION,INTEREST,INITIAL_DEPOSIT,MATURITY_AMOUNT,POLICY_NAME,POLICY_TYPE,START_DATE,TERM_AMOUNT,TERMS_PER_YEAR,COMPANY_COMPANY_ID,TYPE_TYPEID) values ('VOY-CP-13',3,0,2500,4300,'SBI vehicle','Vehicle',to_date('16-NOV-18','DD-MON-RR'),300,2,'VOY',12);
Insert into PRAVEEN.POLICY_TABLE (POLICY_ID,DURATION,INTEREST,INITIAL_DEPOSIT,MATURITY_AMOUNT,POLICY_NAME,POLICY_TYPE,START_DATE,TERM_AMOUNT,TERMS_PER_YEAR,COMPANY_COMPANY_ID,TYPE_TYPEID) values ('VOY-CP-14',3,0,2500,4300,'SBI vehicle','Vehicle',to_date('16-NOV-18','DD-MON-RR'),300,2,'VOY',11);
Insert into PRAVEEN.POLICY_TABLE (POLICY_ID,DURATION,INTEREST,INITIAL_DEPOSIT,MATURITY_AMOUNT,POLICY_NAME,POLICY_TYPE,START_DATE,TERM_AMOUNT,TERMS_PER_YEAR,COMPANY_COMPANY_ID,TYPE_TYPEID) values ('VOY-CP-2',3,0,1000,1000,'VOYChildPlan','Child',to_date('16-NOV-18','DD-MON-RR'),200,0,'VOY',15);
Insert into PRAVEEN.POLICY_TABLE (POLICY_ID,DURATION,INTEREST,INITIAL_DEPOSIT,MATURITY_AMOUNT,POLICY_NAME,POLICY_TYPE,START_DATE,TERM_AMOUNT,TERMS_PER_YEAR,COMPANY_COMPANY_ID,TYPE_TYPEID) values ('VOY-CP-3',3,0,1000,1000,'VOYChildPlan','Child',to_date('16-NOV-18','DD-MON-RR'),200,0,'VOY',13);
Insert into PRAVEEN.POLICY_TABLE (POLICY_ID,DURATION,INTEREST,INITIAL_DEPOSIT,MATURITY_AMOUNT,POLICY_NAME,POLICY_TYPE,START_DATE,TERM_AMOUNT,TERMS_PER_YEAR,COMPANY_COMPANY_ID,TYPE_TYPEID) values ('VOY-CP-4',2,0,2000,2000,'LIC Vehicle','Vehicle',to_date('13-NOV-18','DD-MON-RR'),200,0,'VOY',12);
Insert into PRAVEEN.POLICY_TABLE (POLICY_ID,DURATION,INTEREST,INITIAL_DEPOSIT,MATURITY_AMOUNT,POLICY_NAME,POLICY_TYPE,START_DATE,TERM_AMOUNT,TERMS_PER_YEAR,COMPANY_COMPANY_ID,TYPE_TYPEID) values ('VOY-CP-5',2,0,2000,2000,'LIC Health','Health',to_date('13-NOV-18','DD-MON-RR'),20022,0,'VOY',11);
Insert into PRAVEEN.POLICY_TABLE (POLICY_ID,DURATION,INTEREST,INITIAL_DEPOSIT,MATURITY_AMOUNT,POLICY_NAME,POLICY_TYPE,START_DATE,TERM_AMOUNT,TERMS_PER_YEAR,COMPANY_COMPANY_ID,TYPE_TYPEID) values ('VOY-CP-6',3,0,2000,2000,'LIC Health','Health',to_date('16-NOV-18','DD-MON-RR'),20022,0,'VOY',14);
Insert into PRAVEEN.POLICY_TABLE (POLICY_ID,DURATION,INTEREST,INITIAL_DEPOSIT,MATURITY_AMOUNT,POLICY_NAME,POLICY_TYPE,START_DATE,TERM_AMOUNT,TERMS_PER_YEAR,COMPANY_COMPANY_ID,TYPE_TYPEID) values ('VOY-CP-7',3,0,2000,2000,'LIC Health','Health',to_date('16-NOV-18','DD-MON-RR'),20022,0,'VOY',13);
Insert into PRAVEEN.POLICY_TABLE (POLICY_ID,DURATION,INTEREST,INITIAL_DEPOSIT,MATURITY_AMOUNT,POLICY_NAME,POLICY_TYPE,START_DATE,TERM_AMOUNT,TERMS_PER_YEAR,COMPANY_COMPANY_ID,TYPE_TYPEID) values ('VOY-CP-8',3,0,2000,2000,'LIC Health','Health',to_date('16-NOV-18','DD-MON-RR'),20022,0,'VOY',12);
Insert into PRAVEEN.POLICY_TABLE (POLICY_ID,DURATION,INTEREST,INITIAL_DEPOSIT,MATURITY_AMOUNT,POLICY_NAME,POLICY_TYPE,START_DATE,TERM_AMOUNT,TERMS_PER_YEAR,COMPANY_COMPANY_ID,TYPE_TYPEID) values ('VOY-CP-9',3,0,2000,2000,'ICICI','Vehicle',to_date('14-NOV-18','DD-MON-RR'),200,0,'VOY',11);
Insert into PRAVEEN.POLICY_TABLE (POLICY_ID,DURATION,INTEREST,INITIAL_DEPOSIT,MATURITY_AMOUNT,POLICY_NAME,POLICY_TYPE,START_DATE,TERM_AMOUNT,TERMS_PER_YEAR,COMPANY_COMPANY_ID,TYPE_TYPEID) values ('VOY-LF-001',3,1,2000,3818,'VOYA LIFE','Life',to_date('20-NOV-18','DD-MON-RR'),300,2,'VOY',15);
REM INSERTING into PRAVEEN.USERTYPE
SET DEFINE OFF;
Insert into PRAVEEN.USERTYPE (TYPEID,TYPE_VARIABLE) values (11,'A');
Insert into PRAVEEN.USERTYPE (TYPEID,TYPE_VARIABLE) values (12,'B');
Insert into PRAVEEN.USERTYPE (TYPEID,TYPE_VARIABLE) values (13,'C');
Insert into PRAVEEN.USERTYPE (TYPEID,TYPE_VARIABLE) values (14,'D');
Insert into PRAVEEN.USERTYPE (TYPEID,TYPE_VARIABLE) values (15,'E');
Insert into PRAVEEN.USERTYPE (TYPEID,TYPE_VARIABLE) values (16,'F');
REM INSERTING into PRAVEEN.USER_ENROLLED_POLICY
SET DEFINE OFF;
Insert into PRAVEEN.USER_ENROLLED_POLICY (ID,ENROLLED_DATE,POLICY_POLICY_ID,USER_USER_ID) values (1,to_date('19-NOV-18','DD-MON-RR'),'HAR-VL-0001','A-001');
Insert into PRAVEEN.USER_ENROLLED_POLICY (ID,ENROLLED_DATE,POLICY_POLICY_ID,USER_USER_ID) values (2,to_date('19-NOV-18','DD-MON-RR'),'HAR-VL-0002','A-001');
Insert into PRAVEEN.USER_ENROLLED_POLICY (ID,ENROLLED_DATE,POLICY_POLICY_ID,USER_USER_ID) values (3,to_date('19-NOV-18','DD-MON-RR'),'LIC-HL-0001','A-001');
Insert into PRAVEEN.USER_ENROLLED_POLICY (ID,ENROLLED_DATE,POLICY_POLICY_ID,USER_USER_ID) values (4,to_date('19-NOV-18','DD-MON-RR'),'LIC-HL-0002','A-001');
Insert into PRAVEEN.USER_ENROLLED_POLICY (ID,ENROLLED_DATE,POLICY_POLICY_ID,USER_USER_ID) values (5,to_date('21-NOV-18','DD-MON-RR'),'HAR-VL-002','F-11');
Insert into PRAVEEN.USER_ENROLLED_POLICY (ID,ENROLLED_DATE,POLICY_POLICY_ID,USER_USER_ID) values (6,to_date('21-NOV-18','DD-MON-RR'),'HAR-VL-003','B-03');
Insert into PRAVEEN.USER_ENROLLED_POLICY (ID,ENROLLED_DATE,POLICY_POLICY_ID,USER_USER_ID) values (7,to_date('21-NOV-18','DD-MON-RR'),'VOY-CP-0003','B-03');
--------------------------------------------------------
--  DDL for Index SYS_C007214
--------------------------------------------------------

  CREATE UNIQUE INDEX "PRAVEEN"."SYS_C007214" ON "PRAVEEN"."COMPANY" ("COMPANY_ID") 
  PCTFREE 10 INITRANS 2 MAXTRANS 255 
  STORAGE(INITIAL 65536 NEXT 1048576 MINEXTENTS 1 MAXEXTENTS 2147483645
  PCTINCREASE 0 FREELISTS 1 FREELIST GROUPS 1 BUFFER_POOL DEFAULT FLASH_CACHE DEFAULT CELL_FLASH_CACHE DEFAULT)
  TABLESPACE "SYSTEM" ;
--------------------------------------------------------
--  DDL for Index SYS_C007194
--------------------------------------------------------

  CREATE UNIQUE INDEX "PRAVEEN"."SYS_C007194" ON "PRAVEEN"."HINT" ("HINT_ID") 
  PCTFREE 10 INITRANS 2 MAXTRANS 255 
  STORAGE(INITIAL 65536 NEXT 1048576 MINEXTENTS 1 MAXEXTENTS 2147483645
  PCTINCREASE 0 FREELISTS 1 FREELIST GROUPS 1 BUFFER_POOL DEFAULT FLASH_CACHE DEFAULT CELL_FLASH_CACHE DEFAULT)
  TABLESPACE "SYSTEM" ;
--------------------------------------------------------
--  DDL for Index SYS_C007197
--------------------------------------------------------

  CREATE UNIQUE INDEX "PRAVEEN"."SYS_C007197" ON "PRAVEEN"."MAINUSER" ("USER_ID") 
  PCTFREE 10 INITRANS 2 MAXTRANS 255 
  STORAGE(INITIAL 65536 NEXT 1048576 MINEXTENTS 1 MAXEXTENTS 2147483645
  PCTINCREASE 0 FREELISTS 1 FREELIST GROUPS 1 BUFFER_POOL DEFAULT FLASH_CACHE DEFAULT CELL_FLASH_CACHE DEFAULT)
  TABLESPACE "SYSTEM" ;
--------------------------------------------------------
--  DDL for Index UK_L6G3STNR31MPFMMLA1WYQ0I2R
--------------------------------------------------------

  CREATE UNIQUE INDEX "PRAVEEN"."UK_L6G3STNR31MPFMMLA1WYQ0I2R" ON "PRAVEEN"."MAINUSER" ("PAN_NO") 
  PCTFREE 10 INITRANS 2 MAXTRANS 255 COMPUTE STATISTICS 
  STORAGE(INITIAL 65536 NEXT 1048576 MINEXTENTS 1 MAXEXTENTS 2147483645
  PCTINCREASE 0 FREELISTS 1 FREELIST GROUPS 1 BUFFER_POOL DEFAULT FLASH_CACHE DEFAULT CELL_FLASH_CACHE DEFAULT)
  TABLESPACE "SYSTEM" ;
--------------------------------------------------------
--  DDL for Index SYS_C007199
--------------------------------------------------------

  CREATE UNIQUE INDEX "PRAVEEN"."SYS_C007199" ON "PRAVEEN"."PAYMENT" ("ID") 
  PCTFREE 10 INITRANS 2 MAXTRANS 255 
  STORAGE(INITIAL 65536 NEXT 1048576 MINEXTENTS 1 MAXEXTENTS 2147483645
  PCTINCREASE 0 FREELISTS 1 FREELIST GROUPS 1 BUFFER_POOL DEFAULT FLASH_CACHE DEFAULT CELL_FLASH_CACHE DEFAULT)
  TABLESPACE "SYSTEM" ;
--------------------------------------------------------
--  DDL for Index SYS_C007202
--------------------------------------------------------

  CREATE UNIQUE INDEX "PRAVEEN"."SYS_C007202" ON "PRAVEEN"."POLICY_TABLE" ("POLICY_ID") 
  PCTFREE 10 INITRANS 2 MAXTRANS 255 
  STORAGE(INITIAL 65536 NEXT 1048576 MINEXTENTS 1 MAXEXTENTS 2147483645
  PCTINCREASE 0 FREELISTS 1 FREELIST GROUPS 1 BUFFER_POOL DEFAULT FLASH_CACHE DEFAULT CELL_FLASH_CACHE DEFAULT)
  TABLESPACE "SYSTEM" ;
--------------------------------------------------------
--  DDL for Index SYS_C007206
--------------------------------------------------------

  CREATE UNIQUE INDEX "PRAVEEN"."SYS_C007206" ON "PRAVEEN"."USERTYPE" ("TYPEID") 
  PCTFREE 10 INITRANS 2 MAXTRANS 255 
  STORAGE(INITIAL 65536 NEXT 1048576 MINEXTENTS 1 MAXEXTENTS 2147483645
  PCTINCREASE 0 FREELISTS 1 FREELIST GROUPS 1 BUFFER_POOL DEFAULT FLASH_CACHE DEFAULT CELL_FLASH_CACHE DEFAULT)
  TABLESPACE "SYSTEM" ;
--------------------------------------------------------
--  DDL for Index SYS_C007204
--------------------------------------------------------

  CREATE UNIQUE INDEX "PRAVEEN"."SYS_C007204" ON "PRAVEEN"."USER_ENROLLED_POLICY" ("ID") 
  PCTFREE 10 INITRANS 2 MAXTRANS 255 
  STORAGE(INITIAL 65536 NEXT 1048576 MINEXTENTS 1 MAXEXTENTS 2147483645
  PCTINCREASE 0 FREELISTS 1 FREELIST GROUPS 1 BUFFER_POOL DEFAULT FLASH_CACHE DEFAULT CELL_FLASH_CACHE DEFAULT)
  TABLESPACE "SYSTEM" ;
--------------------------------------------------------
--  Constraints for Table COMPANY
--------------------------------------------------------

  ALTER TABLE "PRAVEEN"."COMPANY" ADD PRIMARY KEY ("COMPANY_ID")
  USING INDEX PCTFREE 10 INITRANS 2 MAXTRANS 255 
  STORAGE(INITIAL 65536 NEXT 1048576 MINEXTENTS 1 MAXEXTENTS 2147483645
  PCTINCREASE 0 FREELISTS 1 FREELIST GROUPS 1 BUFFER_POOL DEFAULT FLASH_CACHE DEFAULT CELL_FLASH_CACHE DEFAULT)
  TABLESPACE "SYSTEM"  ENABLE;
  ALTER TABLE "PRAVEEN"."COMPANY" MODIFY ("COMPANY_ID" NOT NULL ENABLE);
--------------------------------------------------------
--  Constraints for Table HINT
--------------------------------------------------------

  ALTER TABLE "PRAVEEN"."HINT" ADD PRIMARY KEY ("HINT_ID")
  USING INDEX PCTFREE 10 INITRANS 2 MAXTRANS 255 
  STORAGE(INITIAL 65536 NEXT 1048576 MINEXTENTS 1 MAXEXTENTS 2147483645
  PCTINCREASE 0 FREELISTS 1 FREELIST GROUPS 1 BUFFER_POOL DEFAULT FLASH_CACHE DEFAULT CELL_FLASH_CACHE DEFAULT)
  TABLESPACE "SYSTEM"  ENABLE;
  ALTER TABLE "PRAVEEN"."HINT" MODIFY ("HINT_ID" NOT NULL ENABLE);
--------------------------------------------------------
--  Constraints for Table MAINUSER
--------------------------------------------------------

  ALTER TABLE "PRAVEEN"."MAINUSER" ADD CONSTRAINT "UK_L6G3STNR31MPFMMLA1WYQ0I2R" UNIQUE ("PAN_NO")
  USING INDEX PCTFREE 10 INITRANS 2 MAXTRANS 255 COMPUTE STATISTICS 
  STORAGE(INITIAL 65536 NEXT 1048576 MINEXTENTS 1 MAXEXTENTS 2147483645
  PCTINCREASE 0 FREELISTS 1 FREELIST GROUPS 1 BUFFER_POOL DEFAULT FLASH_CACHE DEFAULT CELL_FLASH_CACHE DEFAULT)
  TABLESPACE "SYSTEM"  ENABLE;
  ALTER TABLE "PRAVEEN"."MAINUSER" ADD PRIMARY KEY ("USER_ID")
  USING INDEX PCTFREE 10 INITRANS 2 MAXTRANS 255 
  STORAGE(INITIAL 65536 NEXT 1048576 MINEXTENTS 1 MAXEXTENTS 2147483645
  PCTINCREASE 0 FREELISTS 1 FREELIST GROUPS 1 BUFFER_POOL DEFAULT FLASH_CACHE DEFAULT CELL_FLASH_CACHE DEFAULT)
  TABLESPACE "SYSTEM"  ENABLE;
  ALTER TABLE "PRAVEEN"."MAINUSER" MODIFY ("SALARY" NOT NULL ENABLE);
  ALTER TABLE "PRAVEEN"."MAINUSER" MODIFY ("USER_ID" NOT NULL ENABLE);
--------------------------------------------------------
--  Constraints for Table PAYMENT
--------------------------------------------------------

  ALTER TABLE "PRAVEEN"."PAYMENT" ADD PRIMARY KEY ("ID")
  USING INDEX PCTFREE 10 INITRANS 2 MAXTRANS 255 
  STORAGE(INITIAL 65536 NEXT 1048576 MINEXTENTS 1 MAXEXTENTS 2147483645
  PCTINCREASE 0 FREELISTS 1 FREELIST GROUPS 1 BUFFER_POOL DEFAULT FLASH_CACHE DEFAULT CELL_FLASH_CACHE DEFAULT)
  TABLESPACE "SYSTEM"  ENABLE;
  ALTER TABLE "PRAVEEN"."PAYMENT" MODIFY ("ID" NOT NULL ENABLE);
--------------------------------------------------------
--  Constraints for Table POLICY_TABLE
--------------------------------------------------------

  ALTER TABLE "PRAVEEN"."POLICY_TABLE" ADD PRIMARY KEY ("POLICY_ID")
  USING INDEX PCTFREE 10 INITRANS 2 MAXTRANS 255 
  STORAGE(INITIAL 65536 NEXT 1048576 MINEXTENTS 1 MAXEXTENTS 2147483645
  PCTINCREASE 0 FREELISTS 1 FREELIST GROUPS 1 BUFFER_POOL DEFAULT FLASH_CACHE DEFAULT CELL_FLASH_CACHE DEFAULT)
  TABLESPACE "SYSTEM"  ENABLE;
  ALTER TABLE "PRAVEEN"."POLICY_TABLE" MODIFY ("MATURITY_AMOUNT" NOT NULL ENABLE);
  ALTER TABLE "PRAVEEN"."POLICY_TABLE" MODIFY ("POLICY_ID" NOT NULL ENABLE);
--------------------------------------------------------
--  Constraints for Table USERTYPE
--------------------------------------------------------

  ALTER TABLE "PRAVEEN"."USERTYPE" ADD PRIMARY KEY ("TYPEID")
  USING INDEX PCTFREE 10 INITRANS 2 MAXTRANS 255 
  STORAGE(INITIAL 65536 NEXT 1048576 MINEXTENTS 1 MAXEXTENTS 2147483645
  PCTINCREASE 0 FREELISTS 1 FREELIST GROUPS 1 BUFFER_POOL DEFAULT FLASH_CACHE DEFAULT CELL_FLASH_CACHE DEFAULT)
  TABLESPACE "SYSTEM"  ENABLE;
  ALTER TABLE "PRAVEEN"."USERTYPE" MODIFY ("TYPEID" NOT NULL ENABLE);
--------------------------------------------------------
--  Constraints for Table USER_ENROLLED_POLICY
--------------------------------------------------------

  ALTER TABLE "PRAVEEN"."USER_ENROLLED_POLICY" ADD PRIMARY KEY ("ID")
  USING INDEX PCTFREE 10 INITRANS 2 MAXTRANS 255 
  STORAGE(INITIAL 65536 NEXT 1048576 MINEXTENTS 1 MAXEXTENTS 2147483645
  PCTINCREASE 0 FREELISTS 1 FREELIST GROUPS 1 BUFFER_POOL DEFAULT FLASH_CACHE DEFAULT CELL_FLASH_CACHE DEFAULT)
  TABLESPACE "SYSTEM"  ENABLE;
  ALTER TABLE "PRAVEEN"."USER_ENROLLED_POLICY" MODIFY ("ID" NOT NULL ENABLE);
--------------------------------------------------------
--  Ref Constraints for Table MAINUSER
--------------------------------------------------------

  ALTER TABLE "PRAVEEN"."MAINUSER" ADD CONSTRAINT "FKWSA2UTAJEYPJBNSGRWQJ8Y4R" FOREIGN KEY ("HINT_HINT_ID")
	  REFERENCES "PRAVEEN"."HINT" ("HINT_ID") ENABLE;
--------------------------------------------------------
--  Ref Constraints for Table PAYMENT
--------------------------------------------------------

  ALTER TABLE "PRAVEEN"."PAYMENT" ADD CONSTRAINT "FKRL3XO4TS3L37N1UK3VUEEPHDH" FOREIGN KEY ("USER_USER_ID")
	  REFERENCES "PRAVEEN"."MAINUSER" ("USER_ID") ENABLE;
--------------------------------------------------------
--  Ref Constraints for Table POLICY_TABLE
--------------------------------------------------------

  ALTER TABLE "PRAVEEN"."POLICY_TABLE" ADD CONSTRAINT "FK4FMBO7G9MHEJ3XY86YHSK4I22" FOREIGN KEY ("TYPE_TYPEID")
	  REFERENCES "PRAVEEN"."USERTYPE" ("TYPEID") ENABLE;
  ALTER TABLE "PRAVEEN"."POLICY_TABLE" ADD CONSTRAINT "FK8ON2QFH0G89T5I0CFJP1IS38N" FOREIGN KEY ("COMPANY_COMPANY_ID")
	  REFERENCES "PRAVEEN"."COMPANY" ("COMPANY_ID") ENABLE;
--------------------------------------------------------
--  Ref Constraints for Table USER_ENROLLED_POLICY
--------------------------------------------------------

  ALTER TABLE "PRAVEEN"."USER_ENROLLED_POLICY" ADD CONSTRAINT "FKF0SLRF0N68YYWHUA3LNXFGPV8" FOREIGN KEY ("USER_USER_ID")
	  REFERENCES "PRAVEEN"."MAINUSER" ("USER_ID") ENABLE;
  ALTER TABLE "PRAVEEN"."USER_ENROLLED_POLICY" ADD CONSTRAINT "FKFWOEVA0M6HRGF6S8X3YMYQ4CK" FOREIGN KEY ("POLICY_POLICY_ID")
	  REFERENCES "PRAVEEN"."POLICY_TABLE" ("POLICY_ID") ENABLE;
